year,catch,proj_catch,ratio,yld
2023,7723.3493,9685.432228461223,1.2540456027880575,0.1473704962070572
